ID, Name, PhotoURL
98369227,Kelly Howell,https://randomuser.me/api/portraits/men/79.jpg
427546801,Philip Jones,https://randomuser.me/api/portraits/men/22.jpg
208562107,Landon Torres,https://randomuser.me/api/portraits/men/84.jpg
610062099,Vicki Jensen,https://randomuser.me/api/portraits/women/29.jpg
697771256,Arlene Grant,https://randomuser.me/api/portraits/women/28.jpg
27968122,Daisy Jones,https://randomuser.me/api/portraits/women/5.jpg
772490691,Gina Fox,https://randomuser.me/api/portraits/women/20.jpg
435685338,Brennan Andrews,https://randomuser.me/api/portraits/men/0.jpg
459696814,Cody Alvarez,https://randomuser.me/api/portraits/men/47.jpg
793167203,Stephen James,https://randomuser.me/api/portraits/men/24.jpg
